reference,name,document-type,document-url,documentation-url,organisation,adopted-date,notes,entry-date,start-date,end-date
ADU/2,Infrastructure Funding Statement,IFS,"https://www.adur-worthing.gov.uk/media/Media,172394,smxx.pdf",https://www.adur-worthing.gov.uk/planning-policy/adur/adur-developer-contributions/developer-contributions-data-adur/#infrastructure-funding-statement,local-authority: ADU,,Infrastructure Funding Statement,,2023-04-01,2024-03-31
AMB/2,Infrastructure Funding Statement,IFS,https://info.ambervalley.gov.uk/docarc/docviewer.aspx?docguid=e3c61cf45a60473e8d67f32aa461cf46,https://www.ambervalley.gov.uk/planning/development-management/planning-obligations/,local-authority: AMB,,Infrastructure Funding Statement,,,
ARU/2,Infrastructure Funding Statement,IFS,https://www.arun.gov.uk/download/ar-arun-ifs-2324pdf.pdf?ver=27071&doc=docm93jijm4n21072.pdf,https://www.arun.gov.uk/ifs-and-developer-contributions,local-authority: ARU,,Infrastructure Funding Statement,,2023-04-01,2024-03-31
ASH/2,Infrastructure Funding Statement,IFS,https://www.ashfield.gov.uk/planning-building-control/planning-applications/section-106/,https://www.ashfield.gov.uk/media/jfgg3sx2/adc-ifs-2020_2021_accessible.pdf,local-authority: ASH,,,,2021-04-01,2022-03-31
ASF/2,Infrastructure Funding Statement,IFS,https://www.ashford.gov.uk/media/od0nq3xd/final-section-106-infrastructure-statement-2022_23.pdf,https://www.ashford.gov.uk/planning-and-development/planning-policy/developer-contributions/,local-authority: ASF,,,,2022-04-01,2023-03-31
BAB/2,Infrastructure Funding Statement,IFS,https://www.babergh.gov.uk/documents/d/asset-library-54706/bdc-infrastructure-funding-statement-22-23,"https://www.babergh.gov.uk/w/cil-collection-and-spending-duplicate-1#:~:text=The%20Infrastructure%20Funding%20Statement%20is,was%20completed%20from%202016%2D2019.",local-authority: BAB,,,,2022-04-01,2023-03-31
BNS/2,ANNUAL INFRASTRUCTURE FUNDING STATEMENT,IFS,https://www.barnsley.gov.uk/media/piqa0ic1/annual-infrastructure-funding-statement-2022-2023.pdf,https://www.barnsley.gov.uk/services/planning-and-buildings/local-planning-and-development/our-local-plan/local-plan-research-and-evidence-documents/,local-authority: BNS,,,,2022-04-01,2023-03-31
BAI/2,Infrastructure Funding Statement 2023 - 2024 ,IFS,https://www.basildon.gov.uk/media/12196/Basildon-Borough-Council-Infrastructure-Funding-Statement-2023-2024/pdf/Basildon_Borough_Council_-_Infrastructure_Funding_Statement_2023_-_2024.pdf?m=1726055272230,https://www.basildon.gov.uk/article/9725/Infrastructure-Funding-Statement,local-authority: BAI,,,,2023-04-01,2024-03-31
BAN/2,Basingstoke and Deane annual infrastructure funding statement,IFS,https://www.basingstoke.gov.uk/content/doclib/4092.pdf,https://www.basingstoke.gov.uk/CIL#chapter82840,local-authority: BAN,,,,2022-04-01,2023-03-31
BAE/2,Infrastructure Funding Statement 2023 - 2024 ,IFS,https://www.bassetlaw.gov.uk/media/ya1bjskw/bdc-ifs-2023-24-website.pdf,https://www.bassetlaw.gov.uk/planning-and-building/planning-services/community-infrastructure-levy-cil/community-infrastructure-levy-annual-reports/district-council-infrastructure-funding-statements/,local-authority: BAE,,Dates are assumed as doc just says 2023/2024 ,,2023-04-01,2024-03-31
BAS/2,Infrastructure Funding Statement 2023 - 2024 ,IFS,https://www.bathnes.gov.uk/sites/default/files/2023-11/IFS.2023.Final_.pdf,,local-authority: BAS,,,,2022-04-01,2023-03-31
BDF/2,Infrastructure Funding Statement 2023 - 2024 ,IFS,https://www.bedford.gov.uk/files/infrastructure-funding-statement-202223.pdf/download?inline,https://www.bedford.gov.uk/planning-and-building-control/community-infrastructure-levy-cil/community-infrastructure-levy-cil,local-authority: BDF,,,,2022-04-01,2023-03-31
BLA/2,Infrastructure Funding Statement 2022/23,IFS,https://www.blaby.gov.uk/media/amgfywcx/infrastructure-funding-statement-november-2024.pdf,https://www.blaby.gov.uk/planning-and-building/guidance-and-policies/section-106-agreements/,local-authority: BLA,,,,2022-04-01,2023-03-31
BBD/2,Infrastructure Funding Statement 2023/24,IFS,https://blackburn-darwen.org.uk/wp-content/uploads/Infrastructure-Funding-Statement-2023_24.pdf,"https://www.blackburn.gov.uk/planning/planning-guides-resources-and-reference-materials/annual-infrastructure-funding-statements#:~:text=This%20report%20provides%20a%20summary,developments%20through%20section%20278%20agreements.",local-authority: BBD,,Dates are assumed as doc just says 2023/2024 ,,2022-04-01,2023-03-31
BPL/2,Annual infrastructure funding statement 2022/2023,IFS,https://www.blackpool.gov.uk/Residents/Planning-environment-and-community/Planning/Planning-policy/Blackpool-local-plan/Annual-infrastructure-funding-statement-20222023.aspx,,local-authority: BPL,,,,2022-04-01,2023-03-31
BOL/2,BOLTON COUNCIL INFRASTRUCTURE FUNDING STATEMENT: 2021/22,IFS,https://www.bolton.gov.uk/downloads/file/4599/infrastructure-funding-statement,https://www.bolton.gov.uk/planning-policy-strategy/developer-contributions,local-authority: BOL,,,,2021-04-01,2022-03-31
KIN/2,Infrastructure Funding Statement 2023/24,IFS,https://www.west-norfolk.gov.uk/download/downloads/id/8160/infrastructure_funding_statement_2022-23.pdf,https://www.west-norfolk.gov.uk/downloads/file/8160/infrastructure_funding_statement_2022-23,,,,,2022-04-01,2023-03-31
BOT/2,Infrastructure Funding Statement 2022/23,IFS,https://www.boston.gov.uk/media/25536/Infrastructure-Funding-Statement-2022-23/pdf/BBC_IFS_22-23.pdf?m=1726494551723,,local-authority: BOT,,,,2022-04-01,2023-03-31
BPC/4,Infrastructure Funding Statement 2022/23,IFS,https://www.bcpcouncil.gov.uk/documents-old/planning-and-building-control/Infrastructure-Funding-Statement-2021-22.pdf,https://www.bcpcouncil.gov.uk/planning-and-building-control/planning-policy/community-infrastructure-levy/poole-community-infrastructure-levy,local-authority: BPC,,,,2021-04-01,2022-03-31
BRC/2,Infrastructure Funding Statement 2022/23,IFS,https://www.bracknell-forest.gov.uk/sites/default/files/2023-12/infrastructure-funding-statement-2022-to-2023.pdf,https://www.bracknell-forest.gov.uk/planning-and-building-control/planning/planning-policy/community-infrastructure-levy/annual-return,local-authority: BRC,,,,2022-04-01,2023-03-31
BRA/2,Infrastructure Funding Statement 2022/23,IFS,"https://www.braintree.gov.uk/downloads/file/3670/infrastructure-funding-statement-2021-22#:~:text=Braintree%20District%20Council's%20annual%20Infrastructure,those%20contributions%20by%20Braintree%20District",https://www.braintree.gov.uk/planning-building-control/completed-section-106-agreements-balances-projects,local-authority: BRA,,,,2021-04-01,2022-03-31
BRE/2,Annual Infrastructure Funding Statement â€“ 2022/2023,IFS,https://www.breckland.gov.uk/media/17745/Breckland-s-Infrastructure-Funding-Statement/pdf/Brecklands_Infrastructure_Funding_Statement_-_2022-23.pdf?m=1719400722383,https://www.breckland.gov.uk/article/16388/Infrastructure-Funding-Statements,local-authority: BRE,,,,2022-04-01,2023-03-31
BRW/2,"Brentwood Borough Infrastructure Funding Statement 2022/23
",IFS,https://www.brentwood.gov.uk/media/641,,local-authority: BRW,,,,2022-04-01,2023-03-31
BNH/2,Annual Infrastructure Funding Statement 2022/23 and Neighbourhood CIL Update,IFS,https://democracy.brighton-hove.gov.uk/documents/s194162/Annual%20Infrastructure%20Funding%20Statement%20and%20Neighbourhood%20CIL%20Update.pdf,https://democracy.brighton-hove.gov.uk/ieDecisionDetails.aspx?AIId=98471,local-authority: BNH,,,,2022-04-01,2023-03-31
BST/2,Bristol City Council Community Infrastructure Levy Report (2022/23) ,IFS,https://www.bristol.gov.uk/files/documents/7086-cil-report-2022-23,https://www.bristol.gov.uk/residents/planning-and-building-regulations/planning-applications/community-infrastructure-levy-cil-and-planning-obligations/infrastructure-funding-statement,local-authority: BST,,,,2022-04-01,2023-03-31
BRO/2,Broadland District Council Community Infrastructure Levy (CIL) Annual Infrastructure Funding Statement (IFS) for 1 April 2022 to 31 March 2023,IFS,https://www.southnorfolkandbroadland.gov.uk/asset-library/imported-assets/broadland-cil-annual-infrastructure-funding-statement-2022-2023.pdf,https://www.southnorfolkandbroadland.gov.uk/planning/community-infrastructure-levy/broadland-annual-reports/broadland-annual-reports,local-authority: BRO,,,,2022-04-01,2023-03-31
BRM/2,Bromsgrove District Council Annual Infrastructure Funding Statement 2022/23,IFS,https://www.bromsgrove.gov.uk/media/dwpnmchv/bdc-ifs-2022-23-final-issued.pdf,,local-authority: BRM,,,,2022-04-01,2023-03-31
BRX/2,Infrastructure Funding Statement Planning Obligations 2022-2023,IFS,https://www.broxbourne.gov.uk/downloads/file/4071/ifs-2022-2023-final,https://www.broxbourne.gov.uk/planning/monitoring/3,local-authority: BRX,,,,2022-04-01,2023-03-31
BRT/2,INFRASTRUCTURE FUNDING STATEMENT 2022-2023,IFS,https://www.broxtowe.gov.uk/media/2zhaytop/infrastructure-funding-statement-2022-2023.pdf,https://www.broxtowe.gov.uk/for-you/planning/planning-policy/infrastructure-funding-statement/,local-authority: BRT,,,,2022-04-01,2023-03-31
BUC/2,Infrastructure Funding Statement,IFS,https://buckinghamshire-gov-uk.s3.amazonaws.com/documents/Infrastructure_Funding_Statement_2023.pdf,https://www.buckinghamshire.gov.uk/planning-and-building-control/planning-policy/planning-reporting/infrastructure-funding-statement/,local-authority: BUC,,,,2022-04-01,2023-03-31
BUR/2,Infrastructure Funding Statement,IFS,https://www.bury.gov.uk/asset-library/infrastructure-funding-statement-2022-23.pdf,https://www.bury.gov.uk/planning-building-control/policy-and-projects/planning-policy/evidence-and-monitoring/infrastructure-funding-statement,local-authority: BUR,,,,2022-04-01,2023-03-31
CAB/2,Infrastructure Funding Statement,IFS,https://www.cambridgeshire.gov.uk/asset-library/Infrastructure-Funding-Statement-Report-2022-23.pdf,https://www.cambridgeshire.gov.uk/business/planning-and-development/developing-new-communities/infrastructure-funding-statement,local-authority: CAB,,,,2022-04-01,2023-03-31
CAM/2,Infrastructure Funding Statement,IFS,https://www.cambridgeshire.gov.uk/asset-library/Infrastructure-Funding-Statement-Report-2022-23.pdf,https://www.cambridgeshire.gov.uk/business/planning-and-development/developing-new-communities/infrastructure-funding-statement,local-authority: CAM,,"As Cambridgeshire County Council is not a Community Infrastructure Levy (CIL) charging authority, this statement will report solely on contributions sought under Section 106 of the Town and Country Planning Act 1990 (S106 contributions).",,2022-04-01,2023-03-31
CAN/2,Infrastructure Funding Statement,IFS,https://www.cannockchasedc.gov.uk/sites/default/files/document-library/Infrastructure%20Funding%20Statement%202022-23_0.pdf,"https://www.cannockchasedc.gov.uk/residents/planning-and-building-control/planning-policy/community-infrastructure-levy-developer#:~:text=In%20Cannock%20Chase%20District%2C%20CIL,(see%20further%20information%20below).",local-authority: CAN,,,,2022-04-01,2023-03-31
CAT/2,Infrastructure Funding Statement,IFS,https://www.canterbury.gov.uk/sites/default/files/2024-01/Infrastructure%20Funding%20Statement%202022%20to%202023.pdf,https://www.canterbury.gov.uk/planning-and-building/planning-obligations/how-we-report-developer-contributions,local-authority: CAT,,,,2022-04-01,2023-03-31
CBF/2,Infrastructure Funding Statement,IFS,https://centralbedfordshirecouncil.sharepoint.com/:w:/r/sites/Communications/_layouts/15/Doc.aspx?sourcedoc=%7B9CEAEA60-08AD-44CD-B4E7-9158D461C680%7D&file=Infrastructure%20Funding%20Statement%20for%202023%20to%202024.docx&action=default&mobileredirect=true,https://centralbedfordshirecouncil.sharepoint.com/sites/Communications/Website%20and%20intranet/Forms/AllItems.aspx?id=%2Fsites%2FCommunications%2FWebsite%20and%20intranet%2FWebsite%20Documents%2FPlanning%2FPlanning%20obligations%2FInfrastructure%20funding%20statements&p=true&ga=1,local-authority: CBF,,,,2023-04-01,2024-03-31
CHA/2,Infrastructure Funding Statement,IFS,https://www.charnwood.gov.uk/files/documents/charnwood_infrastructure_funding_statement_2023_24/Charnwood%20Infrastructure%20Funding%20Statement%202023-24.pdf,https://www.charnwood.gov.uk/pages/infrastructure_funding_statements,local-authority: CHA,,,,,
CHL/2,Infrastructure Funding Statement,IFS,https://www.chelmsford.gov.uk/media/1lqdunlc/infrastructure-funding-statement-2022-23.pdf,https://www.chelmsford.gov.uk/planning-and-building-control/community-infrastructure-levy/how-we-spend-cil/,local-authority: CHL,,,,2022-04-01,2023-03-31
CHT/2,Infrastructure Funding Statement,IFS,https://www.cheltenham.gov.uk/download/downloads/id/9999/cil_infrastructure_funding_statement_2022-2023.pdf,https://www.cheltenham.gov.uk/info/46/planning_policy/1137/community_infrastructure_levy_cil/5,local-authority: CHT,,,,2022-04-01,2023-03-31
CHR/2,Infrastructure Funding Statement,IFS,https://www.cherwell.gov.uk/download/downloads/id/13774/infrastructure-funding-statement-2022-23.pdf,https://www.cherwell.gov.uk/info/115/planning-process/766/infrastructure-funding-statements,local-authority: CHR,,,,2022-04-01,2023-03-31
CHE/2,Infrastructure Funding Statement,IFS,https://www.cheshireeast.gov.uk/pdf/planning/spatial-planning/infrastructure-funding-statement-report-2022-2023.pdf,https://www.cheshireeast.gov.uk/planning/spatial-planning/infrastructure-funding-developer-contributions.aspx,local-authority: CHE,,,,2022-04-01,2023-03-31
CHW/2,Infrastructure Funding Statement,IFS,https://www.cheshirewestandchester.gov.uk/asset-library/2022-23-annual-infrastructure-funding-statement.pdf,https://www.cheshirewestandchester.gov.uk/residents/planning-and-building-control/community-infrastructure-levy/cil-annual-reports,local-authority: CHW,,,,2022-04-01,2023-03-31
CHS/2,Infrastructure Funding Statement,IFS,https://www.chesterfield.gov.uk/media/rkzn52f3/infrastructure-funding-statement-2022-23.pdf,https://www.chesterfield.gov.uk/planning-and-building-control/planning-permission-and-development-management/cil-community-infrastructure-levy/,local-authority: CHS,,,,2022-04-01,2023-03-31
CHI/2,Infrastructure Funding Statement,IFS,https://www.chichester.gov.uk/media/39147/Infrastructure-Funding-Statement-2022-2023/doc/Infrastructure_Funding_Statement_2022-2023.docx?m=1701859199690,https://www.chichester.gov.uk/article/32695/Infrastructure-Funding-Statements-IFS-and-CIL-Annual-Monitoring-Reports-AMR,local-authority: CHI,,,,2022-04-01,2023-03-31
CHO/2,Infrastructure Funding Statement,IFS,https://chorley.gov.uk/downloads/file/217/ifs-the-cil-and-s106-financial-report-2022-23,https://chorley.gov.uk/community-infrastructure-levy-cil/infrastructure-funding-statements-annual-reports,local-authority: CHO,,,,2022-04-01,2023-03-31
BRD/2,Infrastructure Funding Statement,IFS,https://www.bradford.gov.uk/media/xixeaw3h/infrastructure-funding-statement-2022-2023.pdf,"https://www.bradford.gov.uk/planning-and-building-control/developer-contributions/infrastructure-funding-statement/#:~:text=The%20Infrastructure%20Funding%20Statement%20is,Authority%20over%20a%20particular%20period.",local-authority: BRD,,,,2022-04-01,2023-03-31
LIC/2,Infrastructure Funding Statement,IFS,https://www.lincoln.gov.uk/downloads/file/1517/community-infrastructure-levy-funding-statement-2022-2023,https://www.lincoln.gov.uk/planning/community-infrastructure-levy-cil/2,local-authority: LIC,,,,2022-04-01,2023-03-31
LND/2,Infrastructure Funding Statement,IFS,https://www.cityoflondon.gov.uk/assets/Services-Environment/local-plan-monitoring-planning-obligations-infrastructure-funding-statement-2022-2023.pdf,https://www.cityoflondon.gov.uk/services/planning/planning-policy/community-infrastructure-levy-cil-and-planning-obligations-s106,local-authority: LND,,,,2022-04-01,2023-03-31
WSM/2,Infrastructure Funding Statement,IFS,https://www.westminster.gov.uk/media/document/wcc-infrastructure-funding-statement-2022-2023,https://www.westminster.gov.uk/community-infrastructure-levy-cil/infrastructure-funding-statement-ifs,local-authority: WSM,,,,2022-04-01,2023-03-31
WLV/2,Infrastructure Funding Statement,IFS,https://www.wolverhampton.gov.uk/planning/infrastructure-funding-statement,https://www.wolverhampton.gov.uk/planning/infrastructure-funding-statement,local-authority: WLV,,,,2022-04-01,2023-03-31
YOR/2,Infrastructure Funding Statement,IFS,https://www.york.gov.uk/downloads/file/9380/infrastructure-funding-statement-2022-to-2023,https://www.york.gov.uk/downloads/download/950/infrastructure-funding-statement,local-authority: YOR,,,,2022-04-01,2023-03-31
COL/2,Infrastructure Funding Statement,IFS,https://cbccrmdata.blob.core.windows.net/noteattachment/CBC-null-Colchester-City-Council-Infrastructure-Funding-Statement-2022/23-Colchester%20City%20Council%20Infrastructure%20Funding%20Statement%202022-23.pdf,https://www.colchester.gov.uk/infrastructure-funding-statement/,local-authority: COL,,,,2022-04-01,2023-03-31
CON/2,Infrastructure Funding Statement,IFS,https://www.cornwall.gov.uk/media/ei1fdhyu/infrastructure-funding-statement-2023-24.pdf,https://www.cornwall.gov.uk/planning-and-building-control/developer-contributions/#infrastructure,local-authority: CON,,,,2023-04-01,2024-03-31
COT/2,Infrastructure Funding Statement,IFS,https://meetings.cotswold.gov.uk/documents/s7501/Cabinet%20Report%20IFS%202022%2023.pdf,https://meetings.cotswold.gov.uk/ieIssueDetails.aspx?IId=4351&PlanId=0&Opt=3#AI3155,local-authority: COT,,,,2022-04-01,2023-03-31
COV/2,Infrastructure Funding Statement,IFS,https://www.coventry.gov.uk/downloads/file/41378/infrastructure-funding-statement-2022-23,https://www.coventry.gov.uk/downloads/download/7383/infrastructure-funding-statement---current-documents,local-authority: COV,,,,2022-04-01,2023-03-31
CRW/2,Infrastructure Funding Statement,IFS,https://crawley.gov.uk/sites/default/files/2023-12/Infrastructure%20Funding%20Statement%202022%20to%202023.pdf,https://crawley.gov.uk/planning/planning-policy/community-infrastructure-levy/cil-and-section-106-income-and-expenditure,local-authority: CRW,,,,2022-04-01,2023-03-31
DAC/2   ,Infrastructure Funding Statement,IFS,https://www.dacorum.gov.uk/docs/default-source/strategic-planning/infrastructure-funding-statement-cil-and-s106-2022-to-2023.pdf?sfvrsn=afa6199e_2,https://www.dacorum.gov.uk/home/planning-development/planning-strategic-planning/developer-contributions,local-authority: DAC,,,,2022-04-01,2023-03-31
DAL/2,Infrastructure Funding Statement,IFS,https://www.darlington.gov.uk/media/21952/darlington_ifs_2022_2023v1.pdf,https://www.darlington.gov.uk/environment-and-planning/planning/development-management/planning-obligations-s106-agreements/,local-authority: DAL,,,,2022-04-01,2023-03-31
DAR/2,Infrastructure Funding Statement,IFS,https://www.dartford.gov.uk/downloads/file/1896/dartford-infrastructure-funding-statement-2022-23,https://www.dartford.gov.uk/downloads/download/1805/dartford-infrastructure-funding-statement-2021-22,local-authority: DAR,,,,2022-04-01,2023-03-31
DER/2,Infrastructure Funding Statement,IFS,https://www.derby.gov.uk/media/derbycitycouncil/contentassets/documents/environmentandplanning/planning/planningpolicy/infrastructure-funding-statement-2022-23.pdf,https://www.derby.gov.uk/environment-and-planning/planning/policy/planning-policy-documents/#page-1,local-authority: DER,,,,2022-04-01,2023-03-31
DBY/2,Infrastructure Funding Statement,IFS,https://www.derbyshire.gov.uk/site-elements/documents/pdf/environment/planning/planning-policy/section-106-annual-infrastructure-funding-statement-2022-to-2023.pdf,https://www.derbyshire.gov.uk/environment/planning/planning-policy/infrastructure-planning/infrastructure-planning.aspx,local-authority: DBY,,,,2022-04-01,2023-03-31
DEB/2,Infrastructure Funding Statement,IFS,https://www.derbyshiredales.gov.uk/documents/infrastructure-funding-statement-2022-2023/download,https://www.derbyshiredales.gov.uk/planning/planning-applications-and-advice/section-106-agreement#h1,local-authority: DEB,,,,2022-04-01,2023-03-31
DEV/2,Infrastructure Funding Statement,IFS,https://devoncc.sharepoint.com/sites/PublicDocs/Planning/Planning/Forms/AllItems.aspx?id=%2Fsites%2FPublicDocs%2FPlanning%2FPlanning%2FOther%20Policy%20and%20Guidance%2FInfrastructure%20Funding%20Statement%2FInfrastructure%20Funding%20Statement%2020%2D21%20FINAL%2Epdf&parent=%2Fsites%2FPublicDocs%2FPlanning%2FPlanning%2FOther%20Policy%20and%20Guidance%2FInfrastructure%20Funding%20Statement&p=true&ga=1,https://www.devon.gov.uk/planning/planning-policies/other-county-policy-and-guidance/,local-authority: DEV,,,,2020-04-01,2021-03-31
DNC/2,Infrastructure Funding Statement,IFS,https://www.doncaster.gov.uk/Documents/DocumentView/Stream/Media/Default/Planning/Documents/Policy%20Monitoring/S106%20AMR/Section%20106%20Infrastructure%20Funding%20Statement%202022-23.pdf,https://www.doncaster.gov.uk/services/planning/monitoring-and-implementation,local-authority: DNC,,,,2022-04-01,2023-03-31
DST/5,Infrastructure Funding Statement,IFS,https://www.dorsetcouncil.gov.uk/documents/35024/301951/Infrastructure+Funding+Statement+2022-2023+-+December+2023.pdf/11c33445-4969-03ca-ec73-9b775185f6f8,https://www.dorsetcouncil.gov.uk/w/dorset-council-community-infrastructure-levy,local-authority: DST,,,,2022-04-01,2023-03-31
DOV/2,Infrastructure Funding Statement,IFS,https://www.dover.gov.uk/Planning/Planning-Policy/PDF/IFS/Infrastructure-Funding-Statement-2023-24.pdf,https://www.dover.gov.uk/Planning/Planning-Policy/Infrastructure-Delivery-and-S106-Obligations/Home.aspx,local-authority: DOV,,,,2023-04-01,2024-03-31
DUD/2,Infrastructure Funding Statement,IFS,https://www.dudley.gov.uk/media/b3pjddjg/infrastructure-funding-statement-2023.pdf,https://www.dudley.gov.uk/residents/planning/planning-policy/dudley-local-plan/community-infrastructure-levy/,local-authority: DUD,,,,2022-04-01,2023-03-31
DUR/2,Infrastructure Funding Statement,IFS,https://durham1-prd.gosshosted.com/media/45102/Durham-County-Council-Infrastructure-Funding-Statement-2023-2024/pdf/InfrastructureFundingStatement2023to2024.pdf?m=1721812822847,https://durham1-prd.gosshosted.com/article/8284/View-our-planning-policies,local-authority: DUR,,,,2023-04-01,2024-03-31
ECA/2,Infrastructure Funding Statement,IFS,https://www.eastcambs.gov.uk/sites/default/files/IFS%202022-23%20Final.pdf,https://www.eastcambs.gov.uk/planning/developer-contributions,local-authority: ECA,,,,2022-04-01,2023-03-31
EDE/2,Infrastructure Funding Statement,IFS,https://eastdevon.gov.uk/media/xc5bpvzg/2022-2023-eddc-ifs-final.pdf,https://eastdevon.gov.uk/planning/community-infrastructure-levy-cil/cil-annual-reports/,local-authority: EDE,,,,2022-04-01,2023-03-31
EHA/2,Infrastructure Funding Statement,IFS,https://www.easthants.gov.uk/media/8682/download?inline,https://www.easthants.gov.uk/planning-services/planning-policy/community-infrastructure-levy-cil/cil-and-s106-monitoring/cil-and,local-authority: EHA,,,,2022-04-01,2023-03-31
EHE/2,Infrastructure Funding Statement,IFS,https://www.eastherts.gov.uk/about-east-herts-0/east-herts-annual-infrastructure-funding-statements,https://cdn-eastherts.onwebcurl.com/s3fs-public/2023-12/2022-23%20East%20Herts%20Infrastructure%20Funding%20Statement%20.pdf,local-authority: EHE,,,,,
ELI/2,Infrastructure Funding Statement,IFS,https://www.e-lindsey.gov.uk/media/24587/Infrastructure-Funding-Statement-2022-23/pdf/ELDC_IFS_2022-23.pdf?m=1709119360310,https://www.e-lindsey.gov.uk/article/6090/Section-106-obligations-and-Infrastructure-Funding-Statement,local-authority: ELI,,,,2022-04-01,2023-03-31
EST/2,Infrastructure Funding Statement,IFS,https://www.eaststaffsbc.gov.uk/sites/default/files/docs/planning/planningpolicy/ESBC%20IFS_2023.24_FINAL.pdf,https://www.eaststaffsbc.gov.uk/planning/planning-policy/infrastructure-funding-statement,local-authority: EST,,,,2023-04-01,2024-03-31
ESK/2,Infrastructure Funding Statement,IFS,https://www.eastsuffolk.gov.uk/assets/Planning/East-Suffolk-Infrastructure-Funding-Statement-2022-23.pdf,https://www.eastsuffolk.gov.uk/planning/developer-contributions/infrastructure-funding-statement/,local-authority: ESK,,,,2022-04-01,2023-03-31
ESX/2,Infrastructure Funding Statement,IFS,https://www.lewes-eastbourne.gov.uk/media/3673/Lewes-District-Council-Infrastructure-Funding-Statement-2022-23/pdf/Lewes_DC_IFS_2022_2023.pdf?m=1704362394550,https://www.lewes-eastbourne.gov.uk/article/1679/CIL-and-S106-Monitoring-Reports,local-authority: LEE,,,,2022-04-01,2023-03-31
ESX/3,Infrastructure Funding Statement,IFS,https://www.lewes-eastbourne.gov.uk/media/3674/Eastbourne-Borough-Council-Infrastructure-Funding-Statement-2022-23/pdf/Eastbourne_Infrastructure_Funding_Statement_2022-23.pdf?m=1704362393463,https://www.lewes-eastbourne.gov.uk/article/1679/CIL-and-S106-Monitoring-Reports,local-authority: EAS,,,,2022-04-01,2023-03-31
ESX/5,Infrastructure Funding Statement,IFS,https://rdcpublic.blob.core.windows.net/website-uploads/2023/12/IFS_2022_2023_FINAL_with_cover.pdf,https://www.rother.gov.uk/planning-and-building-control/planning-policy/engagement-and-monitoring-2/monitoring-2/,,,,,2022-04-01,2023-03-31
ESX/9,Infrastructure Funding Statement,IFS,https://www.wealden.gov.uk/UploadedFiles/IFS-2022-2023-FINAL.pdf,https://www.wealden.gov.uk/planning-and-building-control/planning-policy/infrastructure-funding-statement/,local-authority: WEA,,,,,
ESX/11,Infrastructure Funding Statement,IFS,https://www.hastings.gov.uk/content/AnnualInfrastructureFundingStatement/AnnualInfrastructureFundingStatement2022-23.pdf,https://www.hastings.gov.uk/planning/AnnualInfrastructureFundingStatement/,local-authority: HAS,,,,2022-04-01,2023-03-31
EAS/3,Infrastructure Funding Statement,IFS,https://www.lewes-eastbourne.gov.uk/media/3674/Eastbourne-Borough-Council-Infrastructure-Funding-Statement-2022-23/pdf/Eastbourne_Infrastructure_Funding_Statement_2022-23.pdf?m=1704362393463,https://www.lewes-eastbourne.gov.uk/article/1679/CIL-and-S106-Monitoring-Reports,local-authority: EAS,,,,2022-04-01,2023-03-31
EAT/2,Infrastructure Funding Statement,IFS,https://www.eastleigh.gov.uk/media/14246/infrastructure-funding-statement-2022-23.pdf,https://www.eastleigh.gov.uk/planning-and-building/planning-policy-and-implementation/local-plan/local-plan-monitoring,local-authority: EAT,,,,2022-04-01,2023-03-31
ELM/2,Infrastructure Funding Statement,IFS,https://www.elmbridge.gov.uk/sites/default/files/2023-12/2022%20to%202023%20Annual%20Infrastructure%20Funding%20Statement.pdf,https://www.elmbridge.gov.uk/planning/community-infrastructure-levy-cil/cil-strategic-infrastructure-projects,local-authority: ELM,,,,2022-04-01,2023-03-31
EPP/2,Infrastructure Funding Statement,IFS,https://www.eppingforestdc.gov.uk/wp-content/uploads/2023/12/INFRASTRUCTURE-FUNDING-STATEMENT-2022-23.pdf,https://www.eppingforestdc.gov.uk/planning-and-building/planning-policy/adopted-local-plan-march-2023/infrastructure-delivery/,local-authority: EPP,,,,2022-04-01,2023-03-31
EPS/2,Infrastructure Funding Statement,IFS,https://www.epsom-ewell.gov.uk/sites/default/files/documents/residents/planning/planning-policy/community-infrastructure-levy-cil/Final%20Infrastructure%20Funding%20Statement%202022%20to%2023.pdf,https://www.epsom-ewell.gov.uk/residents/planning/planning-policy/monitoring/infrastructure-funding-statement,local-authority: EPS,,,,2022-04-01,2023-03-31
ERE/2,Infrastructure Funding Statement,IFS,https://www.erewash.gov.uk/component/jdownloads/?task=download.send&id=501&catid=22&m=0&Itemid=435,https://www.erewash.gov.uk/planning-policy-section/infrastructure-funding-statement.html,local-authority: ERE,,,,2022-04-01,2023-03-31
ESS/2,Infrastructure Funding Statement,IFS,https://www.essex.gov.uk/sites/default/files/2024-02/Essex%20County%20Council%20Infrastructure%20Funding%202022%20to%202023%20-%20updated.pdf,https://www.essex.gov.uk/planning-land-and-recycling/planning-and-development/planning-advice-and-guidance/guidance,local-authority: ESS,,,,2022-04-01,2023-03-31
EXE/2,Infrastructure Funding Statement,IFS,https://exeter.gov.uk/media/tshdimje/infrastructure-funding-statement-23-24_accessible.pdf,https://exeter.gov.uk/planning-services/payments-from-developers/annual-infrastructure-funding-statement/,local-authority: EXE,,,,2023-04-01,2024-03-31
FAR/2,Infrastructure Funding Statement,IFS,http://www.fareham.gov.uk/pdf/planning/local_plan/FarehamBoroughCouncilInfrastructureFundingStatement2021-22.pdf,https://www.fareham.gov.uk/planning/local_plan/ifs.aspx,local-authority: FAR,,,,2021-04-01,2022-03-31
FEN/2,Infrastructure Funding Statement,IFS,https://www.fenland.gov.uk/media/21433/Infrastructure-Funding-Statement-2023-2024/pdf/Infrastructure_Funding_Statement__2023_2024.pdf?m=1726055044347,https://www.fenland.gov.uk/article/15672/Infrastructure-Funding-Statement,local-authority: FEN,,,,2023-04-01,2024-03-31
SHE/2,Infrastructure Funding Statement,IFS,https://www.folkestone-hythe.gov.uk/downloads/file/5312/infrastructure-funding-statement-adopted-2023,https://www.folkestone-hythe.gov.uk/planning/infrastructure-funding-statement,,,,,2022-04-01,2023-03-31
FOE/2,Infrastructure Funding Statement,IFS,https://www.fdean.gov.uk/media/kgqpo0zq/infrastructure-funding-statement-2022-to-2023.pdf,https://www.fdean.gov.uk/planning-and-building/planning-policy/supporting-information-for-the-local-plan-2041/,local-authority: FOE,,The district currently does not operate CIL therefore this is not included within the statement,,2022-04-01,2023-03-31
FYL/2,Infrastructure Funding Statement,IFS,https://new.fylde.gov.uk/wp-content/uploads/2023/12/Infrastructure-Funding-Statement-2022-23.pdf,https://new.fylde.gov.uk/resident/planning/planning-policy-local-plan/infrastructure-funding-statement/,local-authority: FYL,,,,2022-04-01,2023-03-31
GAT/2,Infrastructure Funding Statement,IFS,https://www.gateshead.gov.uk/media/38690/Gateshead-Infrastructure-Funding-Statement-2022-23/pdf/Gateshead_Infrastructure_Funding_Statement_2022-23.pdf?m=1700827634963,https://www.gateshead.gov.uk/article/17216/Infrastructure-Funding-Statement,local-authority: GAT,,,,2022-04-01,2023-03-31
GED/2,Infrastructure Funding Statement,IFS,https://www.gedling.gov.uk/media/Appendix%20A)%20Infrastructure%20Funding%20Statement%202022-23.docx,https://www.gedling.gov.uk/cil/,local-authority: GED,,,,2022-04-01,2023-03-31
GLO/2,Infrastructure Funding Statement,IFS,https://www.gloucestershire.gov.uk/media/xsafrfty/gloucestershire-county-council-ifs-2022-23.pdf,https://www.gloucestershire.gov.uk/planning-and-environment/planning-policy-old-menu/infrastructure-funding-statement-ifs/,local-authority: GLO,,,,2022-04-01,2023-03-31
GLS/2,Infrastructure Funding Statement,IFS,https://www.gloucestershire.gov.uk/media/xsafrfty/gloucestershire-county-council-ifs-2022-23.pdf,https://www.gloucestershire.gov.uk/planning-and-environment/planning-policy-old-menu/infrastructure-funding-statement-ifs/,local-authority: GLS,,"Currently 5 of the 6 District/Borough Councils have CIL in place:
Local Planning Authority CIL charging status: Cheltenham Borough, Cotswold District, Gloucester City, Stroud District and Tewkesbury Borough",,,
GOS/2,Infrastructure Funding Statement,IFS,https://www.gosport.gov.uk/media/4562/Infrastructure-Funding-Statement-IDP-2023/pdf/Infrastructure_Funding_Statement_IDP_2023.pdf?m=1702904249990,https://www.gosport.gov.uk/article/1953/Infrastructure-Funding-Statement-IFS-and-Developer-Contributions,local-authority: GOS,,,,2022-04-01,2023-03-31
GRA/2,Infrastructure Funding Statement,IFS,https://www.gravesham.gov.uk/downloads/file/621/infrastructure-funding-statement-2021-to-2022,https://www.gravesham.gov.uk/planning/community-infrastructure-levy,local-authority: GRA,,,,2021-04-01,2022-03-31
GRY/2,Infrastructure Funding Statement,IFS,https://www.great-yarmouth.gov.uk/article/11065/Infrastructure-Funding-Statement-2022-23,https://www.great-yarmouth.gov.uk/article/9246/Infrastructure-funding-statement,local-authority: GRY,,,,2022-04-01,2023-03-31
GRT/2,,IFS,https://www.guildford.gov.uk/media/35797/Infrastructure-Funding-Statement-2022-23/pdf/Infrastructure_Funding_Statement_2022-23.pdf?m=1702299154350,Google,local-authority: GRT,,,,2022-04-01,2023-03-31
HAM/2,Infrastructure Funding Statement,IFS,https://documents.hants.gov.uk/environment/IFS-2223.pdf,https://www.hants.gov.uk/landplanningandenvironment/developer-contributions,local-authority: HAM,,,,2022-04-01,2023-03-31
HAO/2,Infrastructure Funding Statement,IFS,https://www.harborough.gov.uk/download/downloads/id/8348/infrastructure_funding_statement_2022-23.pdf,https://www.harborough.gov.uk/downloads/file/8348/infrastructure_funding_statement_2022-23,local-authority: HAO,,,,2022-04-01,2023-03-31
HAR/2,Infrastructure Funding Statement,IFS,https://www.harlow.gov.uk/sites/default/files/documents/Infrastructure%20funding%20statement%202023%20to%202024.pdf,https://www.harlow.gov.uk/planning-and-building-control/planning-policy/evidence/infrastructure-funding-statement,local-authority: HAR,,,,,
HAT/2,Infrastructure Funding Statement,IFS,https://www.hart.gov.uk/sites/default/files/2024-10/Infrastructure-Funding-Statement-2023-24_0.pdf,https://www.hart.gov.uk/planning-and-building-control/planning-policy/developer-contributions,local-authority: HAT,,,,2023-04-01,2024-03-31
HPL/2,Infrastructure Funding Statement,IFS,https://www.hartlepool.gov.uk/download/downloads/id/8589/infrastructure_funding_statement_ifs_2021_-_2022.pdf,"Cannot find an index page, even through their search pages! This was from Google.",local-authority: HPL,,,,2021-04-01,2022-03-31
HAS/2,Infrastructure Funding Statement,IFS,https://www.hastings.gov.uk/content/AnnualInfrastructureFundingStatement/AnnualInfrastructureFundingStatement2022-23.pdf,https://www.hastings.gov.uk/planning/AnnualInfrastructureFundingStatement/,local-authority: HAS,,,,2022-04-01,2023-03-31
HAA/2,Infrastructure Funding Statement,IFS,https://www.havant.gov.uk/media/9495/download?inline,"Cannot find an index page, even through their search pages! This was from Google.",local-authority: HAA,,,,2022-04-01,2023-03-31
HEF/2,Infrastructure Funding Statement,IFS,https://www.herefordshire.gov.uk/downloads/file/26016/infrastructure-funding-statement-2022-23,"Cannot find an index page, even through their search pages! This was from Google.",local-authority: HEF,,,,2022-04-01,2023-03-31
HRT/2,Infrastructure Funding Statement,IFS,https://www.hertfordshire.gov.uk/doc/about/property/hertfordshire-county-council-infrastructure-funding-statement-2024.pdf,https://www.hertfordshire.gov.uk/about-the-council/freedom-of-information-and-council-data/open-data-statistics-about-hertfordshire/who-we-are-and-what-we-do/property/planning-obligations-guidance.aspx#S106,local-authority: HRT,,"but as the county council is not a CIL charging authority, this statement will report solely on S106 contributions",,2023-04-01,2024-03-31
HER/2,Infrastructure Funding Statement,IFS,https://www.hertsmere.gov.uk/Documents/09-Planning--Building-Control/Planning-Policy/Infrastructure-and-delivery/HBC-Infrastructure-Funding-Statement-2022-2023-PDF-1011-kb.pdf,https://www.hertsmere.gov.uk/Planning--Building-Control/Infrastructure-and-Delivery/Infrastructure-Funding-Statement-and-Annual-Reports.aspx,local-authority: HER,,,,2022-04-01,2023-03-31
HIG/2,Infrastructure Funding Statement,IFS,https://democracy.highpeak.gov.uk/documents/s41156/Appendix.pdf,"Cannot find an index page, even through their search pages! This was from Google.",local-authority: HIG,,,,2022-04-01,2023-03-31
HIN/2,Infrastructure Funding Statement,IFS,https://www.hinckley-bosworth.gov.uk/downloads/file/8152/infrastructure_funding_statement_2022_-_2023,https://www.hinckley-bosworth.gov.uk/downloads/download/1831/infrastructure_funding_statement,local-authority: HIN,,,,2022-04-01,2023-03-31
HOR/2,Infrastructure Funding Statement,IFS,https://www.horsham.gov.uk/__data/assets/pdf_file/0019/132175/Infrastructure-Funding-Statement-2022-23-.pdf,"Cannot find an index page, even through their search pages! This was from Google.",local-authority: HOR,,,,2022-04-01,2023-03-31
KHL/2,Infrastructure Funding Statement,IFS,https://www.hull.gov.uk/downloads/file/1883/hull-infrastructure-funding-statement-2022-to-2023,https://www.hull.gov.uk/downloads/download/166/hull-infrastructure-funding-statement,local-authority: KHL,,,,2022-04-01,2023-03-31
HUN/2,Infrastructure Funding Statement,IFS,https://www.huntingdonshire.gov.uk/media/otmdnn1k/infrastructure-funding-statement-2022-23.pdf,https://www.huntingdonshire.gov.uk/planning/community-infrastructure-levy-cil/annual-reporting/,local-authority: HUN,,,,2022-04-01,2023-03-31
HYN/2,Infrastructure Funding Statement,IFS,https://www.hyndburnbc.gov.uk/download/section-106-agreements-s106/?ind=1653663052422&filename=Hyndburn%20Infrastructure_Funding_Statement_2019_20%20and%202020_21.pdf&wpdmdl=59839&refresh=674700715375c1732706417,https://www.hyndburnbc.gov.uk/download/section-106-agreements-s106/,local-authority: HYN,,,,2019-04-01,2020-03-31
IPS/2,Infrastructure Funding Statement,IFS,https://www.ipswich.gov.uk/sites/ipswich/files/m-files/infrastructure_funding_statement_apr_22_-_mar_23.pdf,https://www.ipswich.gov.uk/planning-and-building-control/planning-policy/planning-obligations/section-106-agreements-and,local-authority: IPS,,,,2022-04-01,2023-03-31
IOW/2,Infrastructure Funding Statement,IFS,https://iwc.iow.gov.uk/documentlibrary/download/infrastucture-funding-statement-2021,https://iwc.iow.gov.uk/documentlibrary/letter/i,local-authority: IOW,,,,2020-04-01,2021-03-31
KEN/2,Infrastructure Funding Statement,IFS,https://www.kent.gov.uk/__data/assets/pdf_file/0019/159013/KCC-Infrastructure-Funding-Statement-2022-2023.pdf,https://www.kent.gov.uk/about-the-council/strategies-and-policies/service-specific-policies/economic-regeneration-and-planning-policies/planning-policies/infrastructure-funding-statement,local-authority: KEN,,,,,
KIR2,Infrastructure Funding Statement,IFS,https://www.kirklees.gov.uk/beta/planning-policy/pdf/infrastructure-funding-statement-2023.pdf,https://www.kirklees.gov.uk/beta/planning-policy/infrastructure-funding-statements.aspx,local-authority: KIR,,,,2022-04-01,2023-03-31
KWL/2,Infrastructure Funding Statement,IFS,https://www.knowsley.gov.uk/sites/default/files/2023-12/S106%20Infrastructure%20Funding%20Statement%202021%20-%202022.pdf,"https://www.knowsley.gov.uk/planning-and-development/section-106-s106-legal-agreements#:~:text=The%20Infrastructure%20Funding%20Statement%20(IFS,to%20Section%20106%20Legal%20Agreements.",local-authority: KWL,,,,2021-04-01,2022-03-31
LAN/2,Infrastructure Funding Statement,IFS,https://www.lancaster.gov.uk/assets/attach/12835/Funding-Statement-2022-to-2023.pdf,https://www.lancaster.gov.uk/planning/infrastructure-funding-statement,local-authority: LAN,,,,2022-04-01,2023-03-31
LAC/2,Infrastructure Funding Statement,IFS,https://www.lancaster.gov.uk/assets/attach/12835/Funding-Statement-2022-to-2023.pdf,,local-authority: LAC,,,,2022-04-01,2023-03-31
LDS/2,Infrastructure Funding Statement,IFS,"https://www.leeds.gov.uk/planning/community-infrastructure-levy/infrastructure-funding-statement#:~:text=5.4%20In%20the%20reporting%20year,of%20s106%20funds%20on%20infrastructure.",https://www.leeds.gov.uk/planning/community-infrastructure-levy/how-the-cil-money-is-spent,local-authority: LDS,,,,2022-04-01,2023-03-31
LCE/2,Infrastructure Funding Statement,IFS,https://www.leicester.gov.uk/media/lx5cr2ue/infrastructure-funding-statement-2022-2023.pdf,https://www.leicester.gov.uk/your-council/policies-plans-and-strategies/planning-and-development/infrastructure-funding-statements/,local-authority: LCE,,,,2022-04-01,2023-03-31
LEC/2,Infrastructure Funding Statement,IFS,https://www.leicestershire.gov.uk/sites/default/files/2023-12/lcc-infrastructure-funding-statement-2022-23.pdf,https://www.leicestershire.gov.uk/environment-and-planning/planning/developer-contributions,local-authority: LEC,,,,2022-04-01,2023-03-31
LEE/3,Infrastructure Funding Statement,IFS,https://www.lewes-eastbourne.gov.uk/media/3673/Lewes-District-Council-Infrastructure-Funding-Statement-2022-23/pdf/Lewes_DC_IFS_2022_2023.pdf?m=1704362394550,https://www.lewes-eastbourne.gov.uk/article/1679/CIL-and-S106-Monitoring-Reports,local-authority: LEE,,,,2022-04-01,2023-03-31
LIF/2,Infrastructure Funding Statement,IFS,https://www.lichfielddc.gov.uk/downloads/file/2656/infrastucture-funding-statement-2024,https://www.lichfielddc.gov.uk/downloads/download/312/infrastructure-funding-statement,local-authority: LIF,,,,2023-04-01,2024-03-31
LIN/2,Infrastructure Funding Statement,IFS,https://www.lincolnshire.gov.uk/council-business/infrastructure-funding-statement-2022-2023,https://www.lincolnshire.gov.uk/directory-record/65713/infrastructure-funding-statement,local-authority: LIN,,,,2022-04-01,2023-03-31
BDG/2,Infrastructure Funding Statement,IFS,https://www.lbbd.gov.uk/sites/default/files/2024-02/Annual%20Infrastructure%20Funding%20Statement%202022-2023.pdf,https://www.lbbd.gov.uk/planning-building-control-and-local-land-charges/planning-guidance-and-policies/developer-0,local-authority: BDG,,"Timeframe is a calendar year, not a financial. ",,2024-01-01,2024-12-31
BNE/2,Infrastructure Funding Statement,IFS,https://www.barnet.gov.uk/sites/default/files/ifs_report_londonboroughofbarnet_22-23_0.odt,https://www.barnet.gov.uk/planning-and-building-control/planning-applications-and-permissions/community-infrastructure-levy,local-authority: BNE,,,,2022-04-01,2023-03-31
BEX/2,Infrastructure Funding Statement,IFS,https://www.bexley.gov.uk/sites/default/files/2023-12/bexley-infrastructure-funding-statement-2023-final.pdf,https://www.bexley.gov.uk/services/planning-and-building-control/community-infrastructure-levy-cil/what-community-infrastructure-levy,local-authority: BEX,,,,2022-04-01,2023-03-31
BEN/2,Infrastructure Funding Statement,IFS,https://www.brent.gov.uk/media/16420964/brent-ifs-22-23-autotag-accessible-final.pdf,https://www.brent.gov.uk/planning-and-building-control/planning-policy-and-guidance/community-infrastructure-levy-and-section-106#cilchargingschedules,local-authority: BEN,,,,2022-04-01,2023-03-31
BRY/2,Infrastructure Funding Statement,IFS,https://www.bromley.gov.uk/downloads/file/2382/bromley-infrastructure-funding-statement-2022-23,https://www.bromley.gov.uk/planning-policy/use-developer-contributions-bromley,local-authority: BRY,,,,2022-04-01,2023-03-31
CMD/2,Infrastructure Funding Statement,IFS,https://www.camden.gov.uk/documents/d/guest/infrastrucure-funding-statement-v9,https://www.camden.gov.uk/community-infrastructure-levy#agiu,local-authority: CMD,,,,2022-04-01,2023-03-31
CRY/2,Infrastructure Funding Statement,IFS,https://www.croydon.gov.uk/sites/default/files/2024-01/infrastructure-funding-statement-2022-23.pdf,https://www.croydon.gov.uk/planning-and-regeneration/planning/make-planning-application-developer/community-infrastructure-levy-cil-and,local-authority: CRY,,,,2022-04-01,2023-03-31
EAL/2,Infrastructure Funding Statement,IFS,https://www.ealing.gov.uk/download/downloads/id/17364/lb_ealing_ifs_2019-2020.xlsx,https://www.ealing.gov.uk/info/201162/planning_policy/2934/infrastructure_funding_statement,local-authority: EAL,,,,2019-04-01,2020-03-31
ENF/2,Infrastructure Funding Statement,IFS,https://www.enfield.gov.uk/__data/assets/pdf_file/0010/52021/Infrastructure-funding-statement-2022-2023-Planning.pdf,https://www.enfield.gov.uk/services/planning/planning-obligations#planning-obligations-cil-and-s106,local-authority: ENF,,,,2022-04-01,2023-03-31
HCK/2,Infrastructure Funding Statement,IFS,https://drive.google.com/file/d/1NhYPqgBbzDiFAom3AvyyGwk0_PHsoePW/view?usp=sharing,https://hackney.gov.uk/planning-policy,local-authority: HCK,,,,2022-04-01,2023-03-31
HMF/2,Infrastructure Funding Statement,IFS,https://www.lbhf.gov.uk/sites/default/files/2023-12/Hammersmith%20%26%20Fulham%20Infrastructure%20Funding%20Statement%20%202022-2023-%2020.12.2023_Final.pdf,https://www.lbhf.gov.uk/planning/planning-policy/community-infrastructure-levy-cil,local-authority: HMF,,,,2022-04-01,2023-03-31
HRY/2,Infrastructure Funding Statement,IFS,https://new.haringey.gov.uk/sites/default/files/2024-10/infrastructure_funding_statement_2022-23.pdf,https://new.haringey.gov.uk/planning-building-control/planning/planning-applications/pre-application-guidance/community-infrastructure-levy-cil,local-authority: HRY,,,,2022-04-01,2023-03-31
HRW/2,Infrastructure Funding Statement,IFS,http://www.harrow.gov.uk/downloads/file/31998/Infrastructure_Funding_Statement_2022_FINAL02.pdf,https://www.harrow.gov.uk/planning-developments/community-infrastructure-levy,local-authority: HRW,,,,2022-04-01,2023-03-31
HAV/2,Infrastructure Funding Statement,IFS,https://www.havering.gov.uk/downloads/file/6484/infrastructure-funding-statement-april-2022-to-march-2023,https://www.havering.gov.uk/downloads/download/890/infrastructure-funding-statement,local-authority: HAV,,,,2022-04-01,2023-03-31
HIL/2,Infrastructure Funding Statement,IFS,https://www.hillingdon.gov.uk/media/13324/Hillingdons-Infrastructure-Funding-Statement-2022-23-v11/pdf/jsHillingdons-Infrastructure-Funding-Statement-2022-23-v11.pdf?m=1707143890047,https://www.hillingdon.gov.uk/community-infrastructure-levy,local-authority: HIL,,,,2022-04-01,2023-03-31
HNS/2,Infrastructure Funding Statement,IFS,https://lbhounslow.sharepoint.com/:b:/s/InternetLinks/pp/EQgAUW7IkQxKmjpYwkj6x0ABMfChQ_k1xlT4Lp5ECZIsBg?e=PJwru9,https://www.hounslow.gov.uk/info/20010/planning_and_building/1094/community_infrastructure_levy/4,local-authority: HNS,,,,2022-04-01,2023-03-31
ISL/2,Infrastructure Funding Statement,IFS,https://www.islington.gov.uk/-/media/sharepoint-lists/public-records/planningandbuildingcontrol/information/factsheets/20232024/ifs-2022-23-final.pdf?la=en&hash=B5A7E786A21879D0093B74C0BBB730FF2F0855A2,https://www.islington.gov.uk/planning/planning-policy/planning-obligations-and-community-infrastructure/spending-developer-contributions,local-authority: ISL,,,,2022-04-01,2023-03-31
LBH/2,Infrastructure Funding Statement,IFS,https://www.lambeth.gov.uk/sites/default/files/2024-01/102611%20Lambeth%20Infrastructure%20Funding%20Report%202023%20FINAL.pdf,https://www.lambeth.gov.uk/planning-building-control/developer-contributions/community-infrastructure-levy-cil,local-authority: LBH,,,,2025-01-01,2025-12-31
LEW/2,Infrastructure Funding Statement,IFS,https://lewisham.gov.uk/-/media/ifs-2022-2023_final-jan-2024_accessible.pdf,https://lewisham.gov.uk/myservices/planning/policy/cil,local-authority: LEW,,,,2022-04-01,2023-03-31
MRT/2,Infrastructure Funding Statement,IFS,https://www.merton.gov.uk/system/files/2022-23%20IFS%20v1.0_0.pdf,https://www.merton.gov.uk/planning-and-buildings/planning/community-infrastructure-levy/overview,local-authority: MRT,,,,2022-04-01,2023-03-31
NWM/2,Infrastructure Funding Statement,IFS,https://www.newham.gov.uk/downloads/file/6826/annual-infrastructure-funding-statement,https://www.newham.gov.uk/planning-development-conservation/planning-policy-local-plan/6,local-authority: NWM,,,,2022-04-01,2023-03-31
RDB/2,Infrastructure Funding Statement,IFS,https://www.redbridge.gov.uk/planning-and-building/planning-policy/infrastructure-funding-statement/202324-infrastructure-funding-statement/,https://www.redbridge.gov.uk/planning-and-building/planning-policy/infrastructure-funding-statement/,local-authority: RDB,,,,2023-04-01,2024-03-31
RIC/2,Infrastructure Funding Statement,IFS,https://www.richmond.gov.uk/media/rr0laqmc/infrastructure_funding_statement_2022_2023.pdf,https://www.richmond.gov.uk/services/planning/planning_policy/community_infrastructure_levy/borough_cil_and_planning_obligations,local-authority: RIC,,,,2022-04-01,2023-03-31
SWK/2,Infrastructure Funding Statement,IFS,https://www.southwark.gov.uk/sites/default/files/2024-10/funding-infrastructure-statement-2022-2023.pdf,https://www.southwark.gov.uk/planning-environment-and-building-control/planning/planning-obligations-and-community-0,local-authority: SWK,,,,2022-04-01,2023-03-31
STN/2,Infrastructure Funding Statement,IFS,https://drive.google.com/drive/folders/0Bww0pBhg-RKJTmt0SmpKQUZaMTg?resourcekey=0-F_YOdfhXkMqukmnYwHkuEA,https://drive.google.com/drive/folders/0Bww0pBhg-RKJTmt0SmpKQUZaMTg?resourcekey=0-F_YOdfhXkMqukmnYwHkuEA,local-authority: STN,,Google Drive with no links as such,,2022-04-01,2023-03-31
TWH/2,Infrastructure Funding Statement,IFS,https://www.towerhamlets.gov.uk/Documents/Planning-and-building-control/Infrastructure-delivery/Infrastructure-Funding-Statement-2022-23.pdf,https://www.towerhamlets.gov.uk/lgnl/planning_and_building_control/Infrastructure_planning/Funding-infrastructure.aspx,local-authority: TWH,,,,2022-04-01,2023-03-31
WFT/2,Infrastructure Funding Statement,IFS,https://www.walthamforest.gov.uk/sites/default/files/2024-01/The%202022_23%20Infrastructure%20Funding%20Statement.pdf,https://www.walthamforest.gov.uk/planning-and-building-control/planning-policy/community-infrastructure-levy/london-borough-waltham-forest-ifs,local-authority: WFT,,,,2022-04-01,2023-03-31
WND/2,Infrastructure Funding Statement,IFS,https://www.wandsworth.gov.uk/media/fgnn30gu/infrastructure_funding_statement_2022_23.pdf,https://www.wandsworth.gov.uk/planning-and-building-control/planning-policy/community-infrastructure-levy-cil/community-infrastructure-levy-expenditure/#income-and-expenditure,local-authority: WND,,,,2022-04-01,2023-03-31
LUT/2,Infrastructure Funding Statement,IFS,https://www.luton.gov.uk/Environment/Lists/LutonDocuments/PDF/Planning/Planning%20Aplications/Luton-infrastructure-funding-statement-2023-24.pdf,https://m.luton.gov.uk/Page/Show/Environment/Planning/Planning%20applications%20(Building%20Control)/Planning%20application%20forms%20and%20validation%20guidance/Supplementary%20planning%20documents/Pages/default.aspx,local-authority: LUT,,,,2023-04-01,2024-03-31
MAI/2,Infrastructure Funding Statement,IFS,https://maidstone.gov.uk/home/primary-services/planning-and-building/community-infrastructure-levy/infrastructure-funding-statement,https://maidstone.gov.uk/home/primary-services/planning-and-building/community-infrastructure-levy/about-cil,local-authority: MAI,,,,2022-04-01,2023-03-31
MAL/2,Infrastructure Funding Statement,IFS,https://www.maldon.gov.uk/download/downloads/id/19681/infrastructure_funding_statement_20232024.pdf,https://www.maldon.gov.uk/downloads/file/19681/infrastructure_funding_statement_20232024,local-authority: MAL,,,,2023-04-01,2024-03-31
MAV/2,Infrastructure Funding Statement,IFS,https://www.malvernhills.gov.uk/component/fileman/?view=file&routed=1&name=Malvern%20Hills%20Infrastructure%20Funding%20Statement%202023.pdf&folder=&container=fileman-files,https://www.malvernhills.gov.uk/planning/other-planning-services/community-infrastructure-levy,local-authority: MAV,,,,2022-04-01,2023-03-31
MAS/2,Infrastructure Funding Statement,IFS,https://www.mansfield.gov.uk/downloads/file/6473/finalised-ifs-2022-23,https://www.mansfield.gov.uk/planning/infrastructure-funding-statement/1,local-authority: MAS,,,,2022-04-01,2023-03-31
MEL/2,Infrastructure Funding Statement,IFS,https://www.melton.gov.uk/media/djmltuy3/infrastructure-funding-statement-2023-accessible.pdf,https://www.melton.gov.uk/planning-and-building/planning-policy/infrastructure-funding-statement/,local-authority: MEL,,,,2022-04-01,2023-03-31
MDE/2,Infrastructure Funding Statement,IFS,https://www.middevon.gov.uk/media/355654/infrastructure-funding-statement-2022a.pdf,https://www.middevon.gov.uk/residents/planning/section-106/mid-devon-infrastructure-funding-statement/,local-authority: MDE,,,,2022-04-01,2023-03-31
MSU/2,Infrastructure Funding Statement,IFS,https://midsuffolk.gov.uk/documents/d/asset-library-54706/bdc-infrastructure-funding-statement-22-23,"https://midsuffolk.gov.uk/w/cil-collection-and-spending-duplicate-1#:~:text=The%20Infrastructure%20Funding%20Statement%20is,was%20completed%20from%202016%2D2019.",local-authority: MSU,,,,2022-04-01,2023-03-31
MSS/2,Infrastructure Funding Statement,IFS,https://www.midsussex.gov.uk/media/kueiot0q/infastructure-funding-statement-april-2022-march-2023.pdf,https://www.midsussex.gov.uk/planning-building/consultation-monitoring/,local-authority: MSS,,,,2022-04-01,2023-03-31
MDB/2,Infrastructure Funding Statement,IFS,https://www.middlesbrough.gov.uk/media/v2wk2q1c/infrastructure-funding-statement-2021-22.pdf,https://www.middlesbrough.gov.uk/planning-and-development/planning-policy/infrastructure-funding-statement/,local-authority: MDB,,,,2021-04-01,2022-03-31
MIK/2,Infrastructure Funding Statement,IFS,https://www.milton-keynes.gov.uk/sites/default/files/2024-09/IFS%202022-23%20final%20report.pdf,https://www.milton-keynes.gov.uk/planning-and-building/developingmk/planning-obligations/infrastructure-funding-statement,local-authority: MIK,,,,2022-04-01,2023-03-31
MOL/2,Infrastructure Funding Statement,IFS,No Link because a Microsoft 260 share!,https://molevalleydc.sharepoint.com/sites/MVDCDocumentLibrary/Shared%20Documents/Forms/AllItems.aspx?id=%2Fsites%2FMVDCDocumentLibrary%2FShared%20Documents%2FMVDC%20Document%20Library%2FPlanning%2FPlanning%2FCIL&p=true&ga=1,local-authority: MOL,,,,,
NEW/2,Infrastructure Funding Statement,IFS,https://newforest.gov.uk/media/4256/Infrastructure-Funding-Statement-23-24/pdf/IFS_23_24_n0cyqg3iblvs.pdf?m=1733501650010,https://newforest.gov.uk/article/1891/Infrastructure-Funding-Statement,local-authority: NEW,,,,2023-04-01,2024-03-31
NEA/2,Infrastructure Funding Statement,IFS,https://www.newark-sherwooddc.gov.uk/media/nsdc-redesign/documents-and-images/your-council/planning-policy/other-planning-policy-information/infrastructure-to-support-growth/19.12.23---Infrastructure-Funding-Statement-Appendix.pdf,https://www.newark-sherwooddc.gov.uk/infrastructuretosupportgrowth/,local-authority: NEA,,,,2022-04-01,2023-03-31
NET/2,Infrastructure Funding Statement,IFS,https://www.newcastle.gov.uk/sites/default/files/planning/IFS%20-%20Full%20Version%2022-23.pdf,https://www.newcastle.gov.uk/services/planning-building-and-development/guide-planning-applications/planning-obligations-and-2#docc,local-authority: NET,,,,2022-04-01,2023-03-31
NEC/2,Infrastructure Funding Statement,IFS,https://www.newcastle-staffs.gov.uk/downloads/file/1148/developer-agreement-contributions,https://www.newcastle-staffs.gov.uk/downloads/download/405/infrastructure-funding-statement-2020-2021,local-authority: NEC,,,,2020-04-01,2021-03-31
NFK/2,Infrastructure Funding Statement,IFS,https://www.norfolk.gov.uk/media/27012/Infrastructure-Funding-Statement-Report/pdf/q3Infrastructure_Funding_Statement_Report_2022-23.pdf?m=1712145685743,https://www.norfolk.gov.uk/planningobligations,local-authority: NFK,,,,2022-04-01,2023-03-31
NDE/2,Infrastructure Funding Statement,IFS,https://www.northdevon.gov.uk/sites/default/files/2023-12/North%20Devon%20Infrastructure%20Funding%20Statement%20for%20Section%20106%20Agreements%202023%20Draft.pdf,https://www.northdevon.gov.uk/planning-and-building-control/section-106-community-infrastructure-levy-and-other-planning-obligations/infrastructure-funding-statements-ifs,local-authority: NDE,,,,2022-04-01,2023-03-31
NED/2,Infrastructure Funding Statement,IFS,https://democracy.ne-derbyshire.gov.uk/documents/s20476/Appendix+3+-+IFS.pdf,"Cannot find an index page, even through their search pages! This was from Google.",local-authority: NED,,,,2022-04-01,2023-03-31
NEL/2,Infrastructure Funding Statement,IFS,https://www.nelincs.gov.uk/assets/uploads/2024/04/20240415-InfrastructureFundingStatement-2021-2022-1.pdf,https://www.nelincs.gov.uk/planning-and-building-control/planning-policy/monitoring/,local-authority: NEL,,,,2021-04-01,2022-03-31
NHE/2,Infrastructure Funding Statement,IFS,https://www.north-herts.gov.uk/sites/default/files/developer-agreement-transaction_20201001.csv,https://www.north-herts.gov.uk/developer-contributions,local-authority: NHE,,"Not an IFS but a record of ""Developer Agreement Transactions""",,2019-04-01,2020-03-31
NKE/2,Infrastructure Funding Statement,IFS,https://www.n-kesteven.gov.uk/sites/default/files/2024-12/NKDC%20Annual%20Infrastructure%20Funding%20Statement%202023-24.pdf,https://www.n-kesteven.gov.uk/planning-building/planning/planning-policy/developer-contributions/infrastructure-funding-reports,local-authority: NKE,,PDF download from referenced page.,,2023-04-01,2024-03-31
NLN/2,Infrastructure Funding Statement,IFS,https://m.northlincs.gov.uk/public/s106/documents/Infrastructure%20Funding%20Statement%202022.23.pdf,https://www.northlincs.gov.uk/planning-and-environment/section-106-obligations/,local-authority: NLN,,,,2022-04-01,2023-03-31
NNUA/2,Infrastructure Funding Statement,IFS,https://cms.northnorthants.gov.uk/media/8367/download,https://www.northnorthants.gov.uk/growth-plans-and-policies/managing-growth,local-authority: NNUA,,,,2022-04-01,2023-03-31
NNUA/2,Infrastructure Funding Statement,IFS,https://cms.northnorthants.gov.uk/media/8367/download,https://www.northnorthants.gov.uk/growth-plans-and-policies/managing-growth,local-authority: NNT,,,,2022-04-01,2023-03-31
NSM/2,Infrastructure Funding Statement,IFS,https://n-somerset.gov.uk/sites/default/files/2023-12/infrastructure%20funding%20statement%202022-23.pdf,https://n-somerset.gov.uk/my-services/planning-building-control/planning-policy/community-infrastructure-levy/about-community-infrastructure-levy,,,,,2022-04-01,2023-03-31
NTY/2,Infrastructure Funding Statement,IFS,https://my.northtyneside.gov.uk/sites/default/files/web-page-related-files/developer-agreement-transaction.csv,https://my.northtyneside.gov.uk/category/1140/monitoring-reports,local-authority: NTY,,Developer Agreement Transaction,,2019-04-01,2020-03-31
NWA/2,Infrastructure Funding Statement,IFS,https://www.northwarks.gov.uk/downloads/file/762/infrastructure-funding-statement-2023,https://www.northwarks.gov.uk/site-search/results/?q=Infrastructure+Funding+Statement,local-authority: NWA,,The Borough Council is not a charging Authority under the CIL Regulations and this IFS therefore only relates to Section 106 Contributions.,,2022-04-01,2023-03-31
NWL/2,Infrastructure Funding Statement,IFS,https://www.nwleics.gov.uk/files/documents/north_west_leicestershire_infrastructure_funding_statement_2022_23/North%20West%20Leicestershire%20Infratsructre%20Funding%20Statement%202022-23.pdf,https://www.nwleics.gov.uk/pages/infrastructure_funding_statement,local-authority: NWL,,,,2022-04-01,2023-03-31
NYUA/2,Infrastructure Funding Statement,IFS,https://www.northyorks.gov.uk/sites/default/files/2024-02/North%20Yorkshire%20Council%20Infrastructure%20Funding%20Statement%2022-23%20-%20accessible.pdf,https://www.northyorks.gov.uk/planning-and-conservation/developer-contributions/developer-contributions-minerals-and-waste-or-council-buildings-or-land,local-authority: NYUA,,,,2022-04-01,2023-03-31
NYUA/2,Infrastructure Funding Statement,IFS,https://www.northyorks.gov.uk/sites/default/files/2024-02/North%20Yorkshire%20Council%20Infrastructure%20Funding%20Statement%2022-23%20-%20accessible.pdf,https://www.northyorks.gov.uk/planning-and-conservation/developer-contributions/developer-contributions-minerals-and-waste-or-council-buildings-or-land,local-authority: NYE,,,,2022-04-01,2023-03-31
NBL/2,Infrastructure Funding Statement,IFS,https://www.northumberland.gov.uk/NorthumberlandCountyCouncil/media/Planning-and-Building/S106NorthumberlandInfrastructureFundingStatement2023-24.pdf,https://www.northumberland.gov.uk/Planning/Section106.aspx,local-authority: NBL,,,,2023-04-01,2024-03-31
NOW/2,Infrastructure Funding Statement,IFS,https://www.norwich.gov.uk/downloads/file/10348/annual_infrastructure_funding_statement_2022-23,https://www.norwich.gov.uk/downloads/download/1668/cil_annual_monitoring_reports_and_infrastructure_funding_statements,local-authority: NOW,,,,2022-04-01,2023-03-31
NGM/2,Infrastructure Funding Statement,IFS,https://www.nottinghamcity.gov.uk/media/qomfs1vi/infrastructure-funding-statements-2012-22.pdf,"https://www.nottinghamcity.gov.uk/ifs#:~:text=The%20IFS%20provides%20information%20on,financial%20payments%20have%20been%20used.",local-authority: NGM,,,,2021-04-01,2022-03-31
NTT/2,Infrastructure Funding Statement,IFS,https://www.nottinghamshire.gov.uk/media/ldwjwsa5/ncc-infrastructure-funding-statement-2022-2023.pdf,https://www.nottinghamshire.gov.uk/planning-and-environment/general-planning/infrastructure-funding-statement,local-authority: NTT,,,,2022-04-01,2023-03-31
NUN/2,Infrastructure Funding Statement,IFS,https://www.nuneatonandbedworth.gov.uk/downloads/file/1600/infrastructure-funding-statement-2023-24-2024-,https://www.nuneatonandbedworth.gov.uk/downloads/download/87/infrastructure,local-authority: NUN,,,,2023-04-01,2024-03-31
OAD/2,Infrastructure Funding Statement,IFS,https://www.oadby-wigston.gov.uk/files/documents/infrastructure_funding_statement_202324/IFS%20Report%202023-24.pdf,https://www.oadby-wigston.gov.uk/pages/infrastructure_planning,local-authority: OAD,,,,2023-04-01,2024-03-31
OLD/2,Infrastructure Funding Statement,IFS,https://www.oldham.gov.uk/downloads/file/7550/infrastructure_funding_statement_2022,https://www.oldham.gov.uk/info/200351/planning_permission/2803/infrastructure_funding_statement,local-authority: OLD,,,,2021-04-01,2022-03-31
OXO/2,Infrastructure Funding Statement,IFS,https://www.oxford.gov.uk/downloads/file/1757/infrastructure-funding-statement-schedule-2-report-2022-2023,https://www.oxford.gov.uk/downloads/download/402/download-the-infrastructure-funding-statement-reports,local-authority: OXO,,,,2022-04-01,2023-03-31
OXF/2,Infrastructure Funding Statement,IFS,https://www.oxfordshire.gov.uk/sites/default/files/file/council-tax-and-finance/Infrastructurefundingstatement2022_23.pdf,https://www.oxfordshire.gov.uk/residents/environment-and-planning/planning/planning-policy/developer-contributions,local-authority: OXF,,As the county council is not a CIL charging authority,,2022-04-01,2023-03-31
PEN/2,Infrastructure Funding Statement,IFS,https://www.pendle.gov.uk/info/20009/planning_and_building_control/559/infrastructure_funding_statement,https://www.pendle.gov.uk/info/20009/planning_and_building_control/559/infrastructure_funding_statement,local-authority: PEN,,"Not a ""Statement"" as such",,N/K,N/K
PTE/2,Infrastructure Funding Statement,IFS,https://www.peterborough.gov.uk/asset-library/infrastructure-funding-statement-2022-23.pdf,https://www.peterborough.gov.uk/council/planning-and-development/planning-and-building/community-infrastructure-levy#infrastructure-funding-statement-6-1,local-authority: PTE,,,,2022-04-01,2023-03-31
PLY/2,Infrastructure Funding Statement,IFS,https://www.plymouth.gov.uk/sites/default/files/2024-12/Annual-Infrastructure-Funding-Statement-2023-to-2024.pdf,https://www.plymouth.gov.uk/community-infrastructure-levy,local-authority: PLY,,,,2023-04-01,2024-03-31
POR/2,Infrastructure Funding Statement,IFS,https://www.portsmouth.gov.uk/services/development-and-planning/community-infrastructure-levy-cil/infrastructure-funding-statement-2023-24/,https://www.portsmouth.gov.uk/services/development-and-planning/community-infrastructure-levy-cil/community-infrastructure-levy-spend-and-receipts/,local-authority: POR,,,,2023-04-01,2024-03-31
PRE/2,Infrastructure Funding Statement,IFS,https://www.preston.gov.uk/media/17049/Annual-Infrastructure-Funding-Statement-2022-23/pdf/Annual_Infrastructure_Funding_Statement_2022-23.pdf?m=1709557374973,https://www.preston.gov.uk/article/1197/Community-infrastructure-levy-CIL,local-authority: PRE,,,,2022-04-01,2023-03-31
RDG/2,Infrastructure Funding Statement,IFS,https://images.reading.gov.uk/2022/12/Infrastructure-Funding-Statement-2022-23.pdf,https://www.reading.gov.uk/planning-and-building-control/planning-policy/,local-authority: RDG,,,,2022-04-01,2023-03-31
RCC/2,Infrastructure Funding Statement,IFS,https://www.whatdotheyknow.com/request/infrastructure_funding_statement_2/response/2324030/attach/html/3/FOI%200261%20Template%20RESPONSE.docx.html,,local-authority: RCC,,RCBC does not have an Infrastructure funding statement.,,,
RED/2,Infrastructure Funding Statement,IFS,https://www.redditchbc.gov.uk/media/zxei5rkv/rbc-ifs-2022-23_final-issued.pdf,https://www.redditchbc.gov.uk/residents/planning-and-building-control/planning-obligations-section-106-agreements/,local-authority: RED,,,,,
REI/2,Infrastructure Funding Statement,IFS,https://www.reigate-banstead.gov.uk/download/downloads/id/7437/annual_infrastructure_funding_statement_2024.pdf,https://www.reigate-banstead.gov.uk/info/20271/local_plan/1102/plan_monitoring/9,local-authority: REI,,,,2023-04-01,2024-03-31
RIB/2,Infrastructure Funding Statement,IFS,https://www.ribblevalley.gov.uk/downloads/file/3943/infrastructure-funding-statement-2022-23,https://www.ribblevalley.gov.uk/downloads/download/258/infrastructure-funding-statement,local-authority: RIB,,,,2022-04-01,2023-03-31
ROS/2,Infrastructure Funding Statement,IFS,https://www.rossendale.gov.uk/downloads/file/16289/infrastructure_funding_statement_2019_to_2020,https://www.rossendale.gov.uk/planning-building-control/more/4,local-authority: ROS,,,,2022-04-01,2023-03-31
ROH/2,Infrastructure Funding Statement,IFS,https://rdcpublic.blob.core.windows.net/website-uploads/2023/12/IFS_2022_2023_FINAL_with_cover.pdf,https://www.rother.gov.uk/planning-and-building-control/planning-policy/engagement-and-monitoring-2/monitoring-2/,local-authority: ROH,,,,2022-04-01,2023-03-31
ROT/2,Infrastructure Funding Statement,IFS,https://www.rotherham.gov.uk/downloads/file/3894/rotherham-community-infrastructure-levy-infrastructure-funding-statement-2023,https://www.rotherham.gov.uk/downloads/download/50/community-infrastructure-levy-cil-documents,local-authority: ROT,,,,2022-04-01,2023-03-31
GRE/2,Infrastructure Funding Statement,IFS,https://www.royalgreenwich.gov.uk/download/downloads/id/6437/infrastructure_funding_statement_2022-23.pdf,https://www.royalgreenwich.gov.uk/downloads/download/1046/community_infrastructure_levy_and_s106_financial_reports,local-authority: GRE,,,,2022-04-01,2023-03-31
KEC/2,Infrastructure Funding Statement,IFS,https://www.rbkc.gov.uk/media/document/infrastructure-funding-statement-december-2023,https://www.rbkc.gov.uk/planning-and-building-control/planning-policy/community-infrastructure-levy-cil,local-authority: KEC,,,,2022-04-01,2023-03-31
KTT/2,Infrastructure Funding Statement,IFS,https://www.kingston.gov.uk/downloads/file/3107/infrastructure-funding-statement-01-apr-2023-to-31-march-2024-period-,https://www.kingston.gov.uk/downloads/download/200/infrastructure-funding-statement,local-authority: KTT,,,,2023-04-01,2024-03-31
WNM/2,Infrastructure Funding Statement,IFS,https://www.rbwm.gov.uk/sites/default/files/2024-06/cil_infrastructure_funding_statement_schedule_2022-2023.pdf,https://www.rbwm.gov.uk/planning-and-building-control/planning-policy/community-infrastructure-levy-and-section-106,local-authority: WNM,,,,2022-04-01,2023-03-31
RUG/2,Infrastructure Funding Statement,IFS,https://www.rugby.gov.uk/documents/20124/0/Annual+Infrastructure+Funding+Statement+2023-24.pdf/e706c5a7-09be-a343-11a3-6a73d4d23918?t=1734344992720,https://www.rugby.gov.uk/w/annual-infrastructure-funding-statement,local-authority: RUG,,"Rugby Borough Council introduced CIL charging on 1 April 2024, therefore it was not a CIL charging authority in the year ended 31 March 2024 on which this statement reports",,2023-04-01,2024-03-31
RUN/2,Infrastructure Funding Statement,IFS,https://www.runnymede.gov.uk/downloads/file/1848/ifs-23,https://www.runnymede.gov.uk/community-infrastructure-levy-cil/spend-cil,local-authority: RUN,,,,2022-04-01,2023-03-31
RUS/2,Infrastructure Funding Statement,IFS,https://www.rushcliffe.gov.uk/media/lfnl5qco/ifs-2023-2024.pdf,https://www.rushcliffe.gov.uk/planning-growth/cil/,local-authority: RUS,,,,2023-04-01,2024-03-31
RUH/2,Infrastructure Funding Statement,IFS,https://www.rushmoor.gov.uk/media/3wxndphd/rushmoor-ifs-2022-23-accessible.pdf,https://www.rushmoor.gov.uk/planning-and-building-control/planning-policies/planning-obligations-and-the-community-infrastructure-levy/,local-authority: RUH,,,,2022-04-01,2023-03-31
RUT/2,Infrastructure Funding Statement,IFS,https://www.rutland.gov.uk/sites/default/files/2023-12/IFS%202022-2023%20FINAL%20-%20APPROVED.pdf,https://www.rutland.gov.uk/planning-building-control/local-plan/community-infrastructure-levy-cil/infrastructure-funding-statement,local-authority: RUT,,,,2022-04-01,2023-03-31
SLF/2,Infrastructure Funding Statement,IFS,https://www.salford.gov.uk/media/pdnm0pzz/developer-agreement-transaction_22231219.xlsx,https://www.salford.gov.uk/planning-building-and-regeneration/planning-applications/planning-obligations-and-community-infrastructure-levy/planning-obligations-infrastructure-funding-statement/,local-authority: SLF,,IFS is a group of Excel books.,,N/K,N/K
SAW/2,Infrastructure Funding Statement,IFS,https://www.sandwell.gov.uk/downloads/file/3064/sandwell-infrastructure-funding-statement-2023,https://www.sandwell.gov.uk/downloads/download/377/infrastructure-funding-statement,local-authority: SAW,,,,2022-04-01,2023-03-31
SFT/2,Infrastructure Funding Statement,IFS,https://www.sefton.gov.uk/media/7685/sef-infrastructure-funding-2022-23.pdf,https://www.sefton.gov.uk/miscellaneous-pages/site-search?searchString=Infrastructure+Funding+Statement,local-authority: SFT,,,,2022-04-01,2023-03-31
SEV/2,Infrastructure Funding Statement,IFS,https://www.sevenoaks.gov.uk/downloads/file/4178/infrastructure_funding_statement_april_2023_to_march_2024,https://www.sevenoaks.gov.uk/downloads/download/871/infrastructure_funding_statements,local-authority: SEV,,,,2023-04-01,2024-03-31
,Infrastructure Funding Statement 2022 203,IFS,https://www.southderbyshire.gov.uk/assets/attach/11766/Infrastructure-Funding-Statement-2022-2023.pdf,https://www.southderbyshire.gov.uk/our-services/planning-and-building-control/planning/section106?chapter=3,local-authority: SDE,,,,,
,2022-23 Infrastructure Funding Statement,IFS,https://beta.southglos.gov.uk/static/c429f4b35b6a57c8ace491244b04b7e0/2022-23-Infrastructure-Funding-Statement.pdf,https://beta.southglos.gov.uk/community-infrastructure-levy-cil/,local-authority: SGC,,,,,
,Infrastructure Funding Statement 2022/23,IFS,https://www.sholland.gov.uk/media/23608/Infrastructure-Funding-Statement-2022-23/pdf/Infrastructure_Funding_Statement_2022-2023.pdf?m=1700141244900,https://www.sholland.gov.uk/article/16263/Infrastructure-funding-statement,,,,,,
,Infrastructure Funding Statement 2022-2023,IFS,https://www.southkesteven.gov.uk/sites/default/files/2023-12/Infrastructure%20funding%20statement%202022-2023.pdf,https://www.southkesteven.gov.uk/planning-building-control/planning-policy-local-plans/monitoring/infrastructure-funding-statements,,,,,,
,for the financial year 2022/23,IFS,https://www.southoxon.gov.uk/wp-content/uploads/sites/2/2023/12/South-IFS-2022-23-Final-1.pdf,https://www.southoxon.gov.uk/south-oxfordshire-district-council/community-support/infrastructure-to-support-communities/community-infrastructure-levy-or-cil-header-page/community-infrastructure-levy-or-cil/,local-authority: SOX,,,,,
,2022-2023 Infrastructure Funding Statement,IFS,https://www.sstaffs.gov.uk/sites/default/files/2023-12/ifs_22-2023.pdf,,local-authority: SST,,,,,
,Infrastructure Funding Statement 2022 to 2023,IFS,https://www.southtyneside.gov.uk/article/19717/Infrastructure-Funding-Statement-2022-23,https://www.southtyneside.gov.uk/article/6503/Infrastructure-Funding-Statement,local-authority: STY,,,,,
,Infrastructure Funding Statement 2022/2023,IFS,https://www.southampton.gov.uk/media/4a4hmubj/22-23-scc-infrastructure-funding-statement.pdf,https://www.southampton.gov.uk/planning/community-infrastructure-levy/spending-cil/,local-authority: STH,,,,,
,Infrastructure Funding Statement 2023 to 2024,IFS,https://www.southend.gov.uk/downloads/file/8448/infrastructure-funding-statement-2023-to-2024,https://www.southend.gov.uk/local-planning-framework/community-infrastructure-levy-cil,local-authority: SOS,,,,,
,Infrastructure Funding Statement 2022-23,IFS,https://www.stalbans.gov.uk/sites/default/files/attachments/Infrastructure%20Funding%20Statement%202022-23.pdf,https://www.stalbans.gov.uk/infrastructure-funding-statement,local-authority: SAL,,,,,
305,Infrastructure Funding Statement - 2022-2023,IFS,https://www.staffordshire.gov.uk/Environment/Planning/aZ/Infrastructure-Funding-Statement-2022-2023.aspx,https://www.staffordshire.gov.uk/Environment/Planning/aZ/Infrastructure-Funding-Statement-2022-2023.aspx,local-authority: STS,,,,,
,Infrastructure Funding Statement - December 2023,IFS,https://www.stevenage.gov.uk/documents/planning-policy/community-infrastructure-levy-cil/infrastructure-funding-statement-december-2023.pdf,https://www.stevenage.gov.uk/planning-and-building-control/planning-policy/community-infrastructure-levy-cil/community-infrastructure-levy,local-authority: STV,,,,,
,Infrastructure Funding Statement (IFS),IFS,https://www.stockport.gov.uk/infrastructure-funding-statement-ifs/infrastructure-funding-statement-2022-to-2023,https://www.stockport.gov.uk/infrastructure-funding-statement-ifs/infrastructure-funding-statement-2022-to-2023,local-authority: SKP,,,,,
,2022/23 Infrastructure Funding Statement,IFS,https://www.stratford.gov.uk/doc/212262/name/Appendix%201%20IFS%20report%20reformatted.pdf,https://www.stratford.gov.uk/planning-building/infrastructure-planning.cfm,local-authority: STR,,,,,
,Infrastructure Funding Statement 2022-23,IFS,https://www.sunderland.gov.uk/article/29836/Infrastructure-Funding-Statement-2022-23-PDF,https://www.sunderland.gov.uk/planning-obligations,local-authority: SND,,IFS from S106 Agreements,,,
326,Infrastructure funding statement - 2022/23,IFS,https://www.telford.gov.uk/downloads/file/26675/infrastructure_funding_statement_-_202223,https://www.telford.gov.uk/downloads/download/5893/annual_infrastructure_funding_statements,local-authority: TFW,,,,,
,Infrastructure Funding Statement 2022-23,IFS,https://www.tmbc.gov.uk/downloads/file/3444/infrastructure-funding-statement-2022-23,https://www.tmbc.gov.uk/planning/planning-obligations/1,local-authority: TON,,,,,
,Torbay Infrastructure Funding Statement The report covers the financial year 1 April - 31 March 2020,IFS,https://www.torbay.gov.uk/media/15457/finaltorbayifs23dec2020.pdf,https://www.torbay.gov.uk/council/policies/planning-policies/local-plan/cil/,local-authority: TOB,,,,,
,Infrastructure Funding Statement (IFS) 2022/2023,IFS,https://www.torridge.gov.uk/media/26998/Infrastructure-Funding-Statement-IFS-2022-2023/pdf/IFS_2022-23_FINAL_V2-_Figure_1_links_fixed_locked.pdf?m=1704971055460,https://www.torridge.gov.uk/ifs,local-authority: TOR,,,,,
,Part 1: Community Infrastructure Levy (CIL) Report,IFS,https://www.trafford.gov.uk/planning/strategic-planning/docs/CIL-Report-22-23-v2.pdf,https://www.trafford.gov.uk/planning/strategic-planning/Other-Supporting-Documents/community-infrastructure-levy.aspx,local-authority: TRF,,,,,
,Annual Report 2022/23,IFS,https://www.wakefield.gov.uk/media/pa3kkg2i/infrastructure-funding-statement-2022-23.pdf,https://www.wakefield.gov.uk/planning/planning-policy/community-infrastructure-levy-cil/infrastructure-funding-statement/,local-authority: WKF,,,,,
,infrastructure funding statement 2019-20,IFS,https://www.watford.gov.uk/downloads/file/252/infrastructure-funding-statement-report-2019-20,https://www.watford.gov.uk/planning-information-1/community-infrastructure-levy-watford/3,local-authority: WAT,,,,,
,Infrastructure Funding Statement 2021 to 2022,IFS,https://cms.westnorthants.gov.uk/media/7199/download,https://www.westnorthants.gov.uk/community-infrastructure-levy-and-infrastructure-provision/infrastructure-provision/infrastructure,local-authority: WNUA,,,,,
359,Infrastructure Funding Statement 2022 to 2023,IFS,https://www.westoxon.gov.uk/media/5c4hzy32/wodc-infrastructure-funding-statement-2022-to-2023.pdf,https://www.westoxon.gov.uk/planning-and-building/community-infrastructure-levy/infrastructure-spending-and-funding/,local-authority: WOX,,,,,
361,Annual Infrastructure Funding Statement 2022 to 2023,IFS,https://www.westsuffolk.gov.uk/planning/Planning_Policies/upload/Annual-infrastructure-funding-statement-2022-to-2023.pdf,https://www.westsuffolk.gov.uk/planning/Planning_Policies/section106communityinfrastructurelevy.cfm,local-authority: WSK,,CIL is not currently in use in West Suffolk,,,
,Infrastructure Funding Statement 2019/20,IFS,https://www.woking2027.info/ldfresearch/infrastructurefundingstatement201920.pdf,https://www.woking2027.info/ldfresearch/infrastructurefundingstatement201920,local-authority: WOI,,,,,
,Wokingham Borough Council - Infrastructure Funding Statement - 2022/23,IFS,https://www.wokingham.gov.uk/sites/wokingham/files/2023-12/Wokingham%20Borough%20Council%20-%20Infrastructure%20Funding%20Statement%20-%202022%20to%202023.pdf,https://www.wokingham.gov.uk/planning-policy/planning-policy-information/community-infrastructure-levy-cil,local-authority: WOK,,,,,
373,Annual Infrastructure Funding Statement Summary,IFS,https://www.worcestershire.gov.uk/sites/default/files/2023-12/2023-12-19%20WCC%20Annual%20IFS%202022-23%20FINAL%20checked.pdf,https://www.worcestershire.gov.uk/council-services/planning-and-developments/planning-policy-and-strategy/infrastructure-planning/infrastructure-funding-statement,local-authority: WOR,,,,,
,Wychavon Infrastructure Funding Statement 2023,IFS,https://www.wychavon.gov.uk/component/fileman/?view=file&routed=1&name=Wychavon%20Infrastructure%20Funding%20Statement%202023.pdf&folder=MHDC/wdc&container=fileman-files,https://www.wychavon.gov.uk/planning/other-planning-services/community-infrastructure-levy,local-authority: WYC,,,,,
,North Yorkshire Annual Infrastructure Funding Statement 2022-23,IFS,https://www.northyorks.gov.uk/sites/default/files/2024-02/North%20Yorkshire%20Council%20Infrastructure%20Funding%20Statement%2022-23%20-%20accessible.pdf,https://www.northyorks.gov.uk/planning-and-conservation/developer-contributions/developer-contributions-your-area/developer-contributions-craven,,,Craven,,,
,North Yorkshire Annual Infrastructure Funding Statement 2022-23,IFS,https://www.northyorks.gov.uk/sites/default/files/2024-02/North%20Yorkshire%20Council%20Infrastructure%20Funding%20Statement%2022-23%20-%20accessible.pdf,https://www.northyorks.gov.uk/planning-and-conservation/developer-contributions/developer-contributions-your-area/developer-contributions-hambleton,,,Hambleton,,,
,North Yorkshire Annual Infrastructure Funding Statement 2022-23,IFS,https://www.northyorks.gov.uk/sites/default/files/2024-02/North%20Yorkshire%20Council%20Infrastructure%20Funding%20Statement%2022-23%20-%20accessible.pdf,https://www.northyorks.gov.uk/planning-and-conservation/developer-contributions/developer-contributions-your-area/developer-contributions-harrogate/infrastructure-funding-statement,,,Harrogate,,,
,North Yorkshire Annual Infrastructure Funding Statement 2022-23,IFS,https://www.northyorks.gov.uk/sites/default/files/2024-02/North%20Yorkshire%20Council%20Infrastructure%20Funding%20Statement%2022-23%20-%20accessible.pdf,https://www.northyorks.gov.uk/planning-and-conservation/planning-policy/planning-policy-your-local-area/ryedale-planning-policy/ryedale-plan-supporting-documents/community-infrastructure-levy,,,Ryedale,,,
,North Yorkshire Annual Infrastructure Funding Statement,IFS,https://www.northyorks.gov.uk/sites/default/files/2024-02/North%20Yorkshire%20Council%20Infrastructure%20Funding%20Statement%2022-23%20-%20accessible.pdf,https://www.northyorks.gov.uk/planning-and-conservation/developer-contributions/developer-contributions-your-area/developer-contributions-scarborough,,,Scarborough,,,
